Position,Name + ID,Name,ID,Roster Position,Salary,Game Info,TeamAbbrev,AvgPointsPerGame
RW,David Pastrnak (14309968),David Pastrnak,14309968,W/UTIL,8500,BOS@EDM 02/19/2020 08:30PM ET,BOS,17.47
C,Nathan MacKinnon (14309768),Nathan MacKinnon,14309768,C/UTIL,8500,NYI@COL 02/19/2020 10:00PM ET,COL,18.33
C,Leon Draisaitl (14309770),Leon Draisaitl,14309770,C/UTIL,8400,BOS@EDM 02/19/2020 08:30PM ET,EDM,16.36
G,Ben Bishop (14310598),Ben Bishop,14310598,G,8200,ARI@DAL 02/19/2020 08:30PM ET,DAL,15.60
RW,Patrick Kane (14309970),Patrick Kane,14309970,W/UTIL,8100,NYR@CHI 02/19/2020 08:00PM ET,CHI,15.37
C,Patrice Bergeron (14309772),Patrice Bergeron,14309772,C/UTIL,8100,BOS@EDM 02/19/2020 08:30PM ET,BOS,13.79
G,Philipp Grubauer (14310599),Philipp Grubauer,14310599,G,8100,NYI@COL 02/19/2020 10:00PM ET,COL,14.19
G,Pavel Francouz (14310600),Pavel Francouz,14310600,G,8100,NYI@COL 02/19/2020 10:00PM ET,COL,14.86
G,Robin Lehner (14310601),Robin Lehner,14310601,G,8000,NYR@CHI 02/19/2020 08:00PM ET,CHI,17.66
G,Anton Khudobin (14310602),Anton Khudobin,14310602,G,8000,ARI@DAL 02/19/2020 08:30PM ET,DAL,16.68
LW,Brad Marchand (14309972),Brad Marchand,14309972,W/UTIL,7900,BOS@EDM 02/19/2020 08:30PM ET,BOS,12.55
G,Hunter Miska (14310604),Hunter Miska,14310604,G,7900,NYI@COL 02/19/2020 10:00PM ET,COL,0
G,Jacob Markstrom (14310603),Jacob Markstrom,14310603,G,7900,MIN@VAN 02/19/2020 10:30PM ET,VAN,16.25
G,Corey Crawford (14310606),Corey Crawford,14310606,G,7800,NYR@CHI 02/19/2020 08:00PM ET,CHI,13.31
C,Connor McDavid (14309774),Connor McDavid,14309774,C/UTIL,7800,BOS@EDM 02/19/2020 08:30PM ET,EDM,15.78
G,Tuukka Rask (14310605),Tuukka Rask,14310605,G,7800,BOS@EDM 02/19/2020 08:30PM ET,BOS,17.24
G,Jaroslav Halak (14310607),Jaroslav Halak,14310607,G,7800,BOS@EDM 02/19/2020 08:30PM ET,BOS,16.32
G,Semyon Varlamov (14310608),Semyon Varlamov,14310608,G,7700,NYI@COL 02/19/2020 10:00PM ET,NYI,13.81
G,Thomas Greiss (14310610),Thomas Greiss,14310610,G,7700,NYI@COL 02/19/2020 10:00PM ET,NYI,13.66
G,Thatcher Demko (14310609),Thatcher Demko,14310609,G,7700,MIN@VAN 02/19/2020 10:30PM ET,VAN,13.09
C,Mika Zibanejad (14309776),Mika Zibanejad,14309776,C/UTIL,7600,NYR@CHI 02/19/2020 08:00PM ET,NYR,15.46
LW,Artemi Panarin (14309974),Artemi Panarin,14309974,W/UTIL,7600,NYR@CHI 02/19/2020 08:00PM ET,NYR,14.71
G,John Gibson (14310611),John Gibson,14310611,G,7600,FLA@ANH 02/19/2020 10:00PM ET,ANH,12.29
G,Ryan Miller (14310612),Ryan Miller,14310612,G,7600,FLA@ANH 02/19/2020 10:00PM ET,ANH,13.14
G,Sergei Bobrovsky (14310613),Sergei Bobrovsky,14310613,G,7500,FLA@ANH 02/19/2020 10:00PM ET,FLA,11.38
G,Sam Montembeault (14310615),Sam Montembeault,14310615,G,7300,FLA@ANH 02/19/2020 10:00PM ET,FLA,8.38
G,Chris Driedger (14310617),Chris Driedger,14310617,G,7300,FLA@ANH 02/19/2020 10:00PM ET,FLA,16.99
G,Devan Dubnyk (14310614),Devan Dubnyk,14310614,G,7300,MIN@VAN 02/19/2020 10:30PM ET,MIN,9.77
G,Alex Stalock (14310616),Alex Stalock,14310616,G,7300,MIN@VAN 02/19/2020 10:30PM ET,MIN,12.55
G,Igor Shesterkin (14310618),Igor Shesterkin,14310618,G,7200,NYR@CHI 02/19/2020 08:00PM ET,NYR,22.73
G,Henrik Lundqvist (14310619),Henrik Lundqvist,14310619,G,7200,NYR@CHI 02/19/2020 08:00PM ET,NYR,13.06
C,Elias Pettersson (14309778),Elias Pettersson,14309778,C/UTIL,7200,MIN@VAN 02/19/2020 10:30PM ET,VAN,11.81
G,Mike Smith (14310620),Mike Smith,14310620,G,7100,BOS@EDM 02/19/2020 08:30PM ET,EDM,12.31
G,Mikko Koskinen (14310621),Mikko Koskinen,14310621,G,7100,BOS@EDM 02/19/2020 08:30PM ET,EDM,13.45
G,Alexandar Georgiev (14310624),Alexandar Georgiev,14310624,G,7000,NYR@CHI 02/19/2020 08:00PM ET,NYR,14.12
C,Tyler Seguin (14309780),Tyler Seguin,14309780,C/UTIL,7000,ARI@DAL 02/19/2020 08:30PM ET,DAL,11.84
G,Antti Raanta (14310622),Antti Raanta,14310622,G,7000,ARI@DAL 02/19/2020 08:30PM ET,ARI,14.56
G,Adin Hill (14310623),Adin Hill,14310623,G,7000,ARI@DAL 02/19/2020 08:30PM ET,ARI,11.33
RW,Mikko Rantanen (14309976),Mikko Rantanen,14309976,W/UTIL,7000,NYI@COL 02/19/2020 10:00PM ET,COL,11.64
G,Darcy Kuemper (14310625),Darcy Kuemper,14310625,G,6800,ARI@DAL 02/19/2020 08:30PM ET,ARI,16.94
C,Aleksander Barkov (14309782),Aleksander Barkov,14309782,C/UTIL,6800,FLA@ANH 02/19/2020 10:00PM ET,FLA,11.44
LW,Jonathan Huberdeau (14309978),Jonathan Huberdeau,14309978,W/UTIL,6800,FLA@ANH 02/19/2020 10:00PM ET,FLA,11.52
LW,Taylor Hall (14309980),Taylor Hall,14309980,W/UTIL,6600,ARI@DAL 02/19/2020 08:30PM ET,ARI,11.60
C,Bo Horvat (14309784),Bo Horvat,14309784,C/UTIL,6600,MIN@VAN 02/19/2020 10:30PM ET,VAN,11.11
G,Kevin Lankinen (14310628),Kevin Lankinen,14310628,G,6500,NYR@CHI 02/19/2020 08:00PM ET,CHI,0
G,Collin Delia (14310629),Collin Delia,14310629,G,6500,NYR@CHI 02/19/2020 08:00PM ET,CHI,0
G,Ivan Prosvetov (14310634),Ivan Prosvetov,14310634,G,6500,ARI@DAL 02/19/2020 08:30PM ET,ARI,0
G,Landon Bow (14310639),Landon Bow,14310639,G,6500,ARI@DAL 02/19/2020 08:30PM ET,DAL,0
LW,Ryan Nugent-Hopkins (14309982),Ryan Nugent-Hopkins,14309982,W/UTIL,6500,BOS@EDM 02/19/2020 08:30PM ET,EDM,10.42
G,Dan Vladar (14310630),Dan Vladar,14310630,G,6500,BOS@EDM 02/19/2020 08:30PM ET,BOS,0
G,Maxime Lagace (14310631),Maxime Lagace,14310631,G,6500,BOS@EDM 02/19/2020 08:30PM ET,BOS,0
G,Stuart Skinner (14310638),Stuart Skinner,14310638,G,6500,BOS@EDM 02/19/2020 08:30PM ET,EDM,0
G,Adam Werner (14310626),Adam Werner,14310626,G,6500,NYI@COL 02/19/2020 10:00PM ET,COL,14.3
G,Antoine Bibeau (14310627),Antoine Bibeau,14310627,G,6500,NYI@COL 02/19/2020 10:00PM ET,COL,7.2
G,Christopher Gibson (14310637),Christopher Gibson,14310637,G,6500,NYI@COL 02/19/2020 10:00PM ET,NYI,0
G,Kevin Boyle (14310635),Kevin Boyle,14310635,G,6500,FLA@ANH 02/19/2020 10:00PM ET,ANH,0
G,Anthony Stolarz (14310636),Anthony Stolarz,14310636,G,6500,FLA@ANH 02/19/2020 10:00PM ET,ANH,0
G,Michael DiPietro (14310632),Michael DiPietro,14310632,G,6500,MIN@VAN 02/19/2020 10:30PM ET,VAN,0.7
G,Zane McIntyre (14310633),Zane McIntyre,14310633,G,6500,MIN@VAN 02/19/2020 10:30PM ET,VAN,0
G,Kaapo Kahkonen (14310640),Kaapo Kahkonen,14310640,G,6500,MIN@VAN 02/19/2020 10:30PM ET,MIN,16.08
LW,Mike Hoffman (14309984),Mike Hoffman,14309984,W/UTIL,6400,FLA@ANH 02/19/2020 10:00PM ET,FLA,10.70
LW,Gabriel Landeskog (14309986),Gabriel Landeskog,14309986,W/UTIL,6300,NYI@COL 02/19/2020 10:00PM ET,COL,9.91
LW,J.T. Miller (14309988),J.T. Miller,14309988,W/UTIL,6200,MIN@VAN 02/19/2020 10:30PM ET,VAN,10.72
LW,Chris Kreider (14309990),Chris Kreider,14309990,W/UTIL,6100,NYR@CHI 02/19/2020 08:00PM ET,NYR,10.20
C,Jonathan Toews (14309786),Jonathan Toews,14309786,C/UTIL,6000,NYR@CHI 02/19/2020 08:00PM ET,CHI,10.22
D,Oscar Klefbom (14310316),Oscar Klefbom,14310316,D/UTIL,6000,BOS@EDM 02/19/2020 08:30PM ET,EDM,12.70
LW,Andre Burakovsky (14309992),Andre Burakovsky,14309992,W/UTIL,6000,NYI@COL 02/19/2020 10:00PM ET,COL,8.94
RW,Kailer Yamamoto (14309994),Kailer Yamamoto,14309994,W/UTIL,5900,BOS@EDM 02/19/2020 08:30PM ET,EDM,10.09
D,Torey Krug (14310318),Torey Krug,14310318,D/UTIL,5900,BOS@EDM 02/19/2020 08:30PM ET,BOS,9.52
D,Cale Makar (14310320),Cale Makar,14310320,D/UTIL,5800,NYI@COL 02/19/2020 10:00PM ET,COL,10.22
C,Ryan Getzlaf (14309788),Ryan Getzlaf,14309788,C/UTIL,5800,FLA@ANH 02/19/2020 10:00PM ET,ANH,9.20
RW,Kevin Fiala (14309996),Kevin Fiala,14309996,W/UTIL,5800,MIN@VAN 02/19/2020 10:30PM ET,MIN,9.15
RW,Evgenii Dadonov (14309998),Evgenii Dadonov,14309998,W/UTIL,5700,FLA@ANH 02/19/2020 10:00PM ET,FLA,9.65
D,Alexander Edler (14310322),Alexander Edler,14310322,D/UTIL,5700,MIN@VAN 02/19/2020 10:30PM ET,VAN,10.99
C,Mathew Barzal (14309790),Mathew Barzal,14309790,C/UTIL,5600,NYI@COL 02/19/2020 10:00PM ET,NYI,10.19
D,Ryan Graves (14310324),Ryan Graves,14310324,D/UTIL,5600,NYI@COL 02/19/2020 10:00PM ET,COL,9.57
RW,Rickard Rakell (14310000),Rickard Rakell,14310000,W/UTIL,5600,FLA@ANH 02/19/2020 10:00PM ET,ANH,9.27
D,Jacob Trouba (14310326),Jacob Trouba,14310326,D/UTIL,5500,NYR@CHI 02/19/2020 08:00PM ET,NYR,10.20
C,Nazem Kadri (14309792),Nazem Kadri,14309792,C/UTIL,5500,NYI@COL 02/19/2020 10:00PM ET,COL,9.27
LW,Tanner Pearson (14310002),Tanner Pearson,14310002,W/UTIL,5500,MIN@VAN 02/19/2020 10:30PM ET,VAN,9.45
LW,Jake DeBrusk (14310004),Jake DeBrusk,14310004,W/UTIL,5400,BOS@EDM 02/19/2020 08:30PM ET,BOS,8.50
C,Brock Nelson (14309794),Brock Nelson,14309794,C/UTIL,5400,NYI@COL 02/19/2020 10:00PM ET,NYI,10.56
D,Jared Spurgeon (14310328),Jared Spurgeon,14310328,D/UTIL,5400,MIN@VAN 02/19/2020 10:30PM ET,MIN,8.71
C,Ryan Strome (14309796),Ryan Strome,14309796,C/UTIL,5300,NYR@CHI 02/19/2020 08:00PM ET,NYR,9.19
RW,Brock Boeser (14310006),Brock Boeser,14310006,W/UTIL,5300,MIN@VAN 02/19/2020 10:30PM ET,VAN,10.52
D,Quinn Hughes (14310330),Quinn Hughes,14310330,D/UTIL,5300,MIN@VAN 02/19/2020 10:30PM ET,VAN,8.38
LW,Jamie Benn (14310008),Jamie Benn,14310008,W/UTIL,5200,ARI@DAL 02/19/2020 08:30PM ET,DAL,9.43
D,Ryan Pulock (14310332),Ryan Pulock,14310332,D/UTIL,5200,NYI@COL 02/19/2020 10:00PM ET,NYI,10.01
C,Vincent Trocheck (14309798),Vincent Trocheck,14309798,C/UTIL,5200,FLA@ANH 02/19/2020 10:00PM ET,FLA,8.88
LW,Anders Lee (14310010),Anders Lee,14310010,W/UTIL,5100,NYI@COL 02/19/2020 10:00PM ET,NYI,9.80
D,Aaron Ekblad (14310334),Aaron Ekblad,14310334,D/UTIL,5100,FLA@ANH 02/19/2020 10:00PM ET,FLA,9.07
C,Eric Staal (14309800),Eric Staal,14309800,C/UTIL,5100,MIN@VAN 02/19/2020 10:30PM ET,MIN,7.93
C,David Krejci (14309802),David Krejci,14309802,C/UTIL,5000,BOS@EDM 02/19/2020 08:30PM ET,BOS,7.70
LW,Zach Parise (14310012),Zach Parise,14310012,W/UTIL,5000,MIN@VAN 02/19/2020 10:30PM ET,MIN,8.59
D,Ryan Suter (14310336),Ryan Suter,14310336,D/UTIL,5000,MIN@VAN 02/19/2020 10:30PM ET,MIN,8.62
C,Christian Dvorak (14309804),Christian Dvorak,14309804,C/UTIL,4900,ARI@DAL 02/19/2020 08:30PM ET,ARI,7.84
RW,Conor Garland (14310014),Conor Garland,14310014,W/UTIL,4900,ARI@DAL 02/19/2020 08:30PM ET,ARI,8.60
D,Jakob Chychrun (14310338),Jakob Chychrun,14310338,D/UTIL,4900,ARI@DAL 02/19/2020 08:30PM ET,ARI,9.14
D,Miro Heiskanen (14310340),Miro Heiskanen,14310340,D/UTIL,4900,ARI@DAL 02/19/2020 08:30PM ET,DAL,8.92
RW,Jakob Silfverberg (14310016),Jakob Silfverberg,14310016,W/UTIL,4900,FLA@ANH 02/19/2020 10:00PM ET,ANH,8.92
LW,Dominik Kubalik (14310018),Dominik Kubalik,14310018,W/UTIL,4800,NYR@CHI 02/19/2020 08:00PM ET,CHI,8.83
RW,Pavel Buchnevich (14310020),Pavel Buchnevich,14310020,W/UTIL,4800,NYR@CHI 02/19/2020 08:00PM ET,NYR,7.71
D,Charlie McAvoy (14310342),Charlie McAvoy,14310342,D/UTIL,4800,BOS@EDM 02/19/2020 08:30PM ET,BOS,8.23
C,Adam Henrique (14309806),Adam Henrique,14309806,C/UTIL,4800,FLA@ANH 02/19/2020 10:00PM ET,ANH,8.36
D,Matt Dumba (14310344),Matt Dumba,14310344,D/UTIL,4800,MIN@VAN 02/19/2020 10:30PM ET,MIN,8.22
LW,Alex DeBrincat (14310024),Alex DeBrincat,14310024,W/UTIL,4700,NYR@CHI 02/19/2020 08:00PM ET,CHI,9.15
D,Tony DeAngelo (14310348),Tony DeAngelo,14310348,D/UTIL,4700,NYR@CHI 02/19/2020 08:00PM ET,NYR,9.20
C,Charlie Coyle (14309808),Charlie Coyle,14309808,C/UTIL,4700,BOS@EDM 02/19/2020 08:30PM ET,BOS,7.76
D,Darnell Nurse (14310346),Darnell Nurse,14310346,D/UTIL,4700,BOS@EDM 02/19/2020 08:30PM ET,EDM,9.36
RW,Ondrej Kase (14310026),Ondrej Kase,14310026,W/UTIL,4700,FLA@ANH 02/19/2020 10:00PM ET,ANH,7.98
RW,Tyler Toffoli (14310022),Tyler Toffoli,14310022,W/UTIL,4700,MIN@VAN 02/19/2020 10:30PM ET,VAN,9.27
LW,Brandon Saad (14310028),Brandon Saad,14310028,W/UTIL,4600,NYR@CHI 02/19/2020 08:00PM ET,CHI,8.76
D,Hampus Lindholm (14310350),Hampus Lindholm,14310350,D/UTIL,4600,FLA@ANH 02/19/2020 10:00PM ET,ANH,7.62
D,Keith Yandle (14310352),Keith Yandle,14310352,D/UTIL,4600,FLA@ANH 02/19/2020 10:00PM ET,FLA,8.14
C,Luke Kunin (14309810),Luke Kunin,14309810,C/UTIL,4600,MIN@VAN 02/19/2020 10:30PM ET,MIN,7.56
RW,Jake Virtanen (14310030),Jake Virtanen,14310030,W/UTIL,4600,MIN@VAN 02/19/2020 10:30PM ET,VAN,7.65
D,Adam Fox (14310356),Adam Fox,14310356,D/UTIL,4500,NYR@CHI 02/19/2020 08:00PM ET,NYR,8.16
C,Joe Pavelski (14309812),Joe Pavelski,14309812,C/UTIL,4500,ARI@DAL 02/19/2020 08:30PM ET,DAL,7.66
LW,Roope Hintz (14310032),Roope Hintz,14310032,W/UTIL,4500,ARI@DAL 02/19/2020 08:30PM ET,DAL,7.79
D,John Klingberg (14310354),John Klingberg,14310354,D/UTIL,4500,ARI@DAL 02/19/2020 08:30PM ET,DAL,8.35
RW,Mats Zuccarello (14310034),Mats Zuccarello,14310034,W/UTIL,4500,MIN@VAN 02/19/2020 10:30PM ET,MIN,7.12
D,Connor Murphy (14310358),Connor Murphy,14310358,D/UTIL,4400,NYR@CHI 02/19/2020 08:00PM ET,CHI,9.56
LW,James Neal (14310038),James Neal,14310038,W/UTIL,4400,BOS@EDM 02/19/2020 08:30PM ET,EDM,8.16
C,J.T. Compher (14309814),J.T. Compher,14309814,C/UTIL,4400,NYI@COL 02/19/2020 10:00PM ET,COL,6.70
RW,Jordan Eberle (14310036),Jordan Eberle,14310036,W/UTIL,4400,NYI@COL 02/19/2020 10:00PM ET,NYI,8.35
D,Brady Skjei (14310362),Brady Skjei,14310362,D/UTIL,4300,NYR@CHI 02/19/2020 08:00PM ET,NYR,8.38
C,Nick Schmaltz (14309816),Nick Schmaltz,14309816,C/UTIL,4300,ARI@DAL 02/19/2020 08:30PM ET,ARI,6.43
LW,Clayton Keller (14310040),Clayton Keller,14310040,W/UTIL,4300,ARI@DAL 02/19/2020 08:30PM ET,ARI,8.62
RW,Phil Kessel (14310042),Phil Kessel,14310042,W/UTIL,4300,ARI@DAL 02/19/2020 08:30PM ET,ARI,7.48
D,Cam Fowler (14310360),Cam Fowler,14310360,D/UTIL,4300,FLA@ANH 02/19/2020 10:00PM ET,ANH,7.65
C,Filip Chytil (14309818),Filip Chytil,14309818,C/UTIL,4200,NYR@CHI 02/19/2020 08:00PM ET,NYR,6.86
D,Oliver Ekman-Larsson (14310364),Oliver Ekman-Larsson,14310364,D/UTIL,4200,ARI@DAL 02/19/2020 08:30PM ET,ARI,7.62
D,Alex Goligoski (14310366),Alex Goligoski,14310366,D/UTIL,4200,ARI@DAL 02/19/2020 08:30PM ET,ARI,8.33
LW,Anthony Beauvillier (14310044),Anthony Beauvillier,14310044,W/UTIL,4200,NYI@COL 02/19/2020 10:00PM ET,NYI,8.33
LW,Frank Vatrano (14310046),Frank Vatrano,14310046,W/UTIL,4200,FLA@ANH 02/19/2020 10:00PM ET,FLA,8.25
D,Duncan Keith (14310368),Duncan Keith,14310368,D/UTIL,4100,NYR@CHI 02/19/2020 08:00PM ET,CHI,7.51
C,Derek Stepan (14309820),Derek Stepan,14309820,C/UTIL,4100,ARI@DAL 02/19/2020 08:30PM ET,ARI,7.18
RW,Alexander Radulov (14310050),Alexander Radulov,14310050,W/UTIL,4100,ARI@DAL 02/19/2020 08:30PM ET,DAL,8.87
RW,Joonas Donskoi (14310048),Joonas Donskoi,14310048,W/UTIL,4100,NYI@COL 02/19/2020 10:00PM ET,COL,7.74
D,Tyler Myers (14310370),Tyler Myers,14310370,D/UTIL,4100,MIN@VAN 02/19/2020 10:30PM ET,VAN,7.61
C,Derick Brassard (14309822),Derick Brassard,14309822,C/UTIL,4000,NYI@COL 02/19/2020 10:00PM ET,NYI,6.54
D,Erik Johnson (14310372),Erik Johnson,14310372,D/UTIL,4000,NYI@COL 02/19/2020 10:00PM ET,COL,7.49
D,Ian Cole (14310374),Ian Cole,14310374,D/UTIL,4000,NYI@COL 02/19/2020 10:00PM ET,COL,8.07
RW,Noel Acciari (14310052),Noel Acciari,14310052,W/UTIL,4000,FLA@ANH 02/19/2020 10:00PM ET,FLA,8.76
RW,Brandon Sutter (14310054),Brandon Sutter,14310054,W/UTIL,4000,MIN@VAN 02/19/2020 10:30PM ET,VAN,6.9
RW,Denis Gurianov (14310056),Denis Gurianov,14310056,W/UTIL,3900,ARI@DAL 02/19/2020 08:30PM ET,DAL,7.06
D,Esa Lindell (14310378),Esa Lindell,14310378,D/UTIL,3900,ARI@DAL 02/19/2020 08:30PM ET,DAL,7.46
D,Stephen Johns (14310380),Stephen Johns,14310380,D/UTIL,3900,ARI@DAL 02/19/2020 08:30PM ET,DAL,8.88
LW,Valeri Nichushkin (14310058),Valeri Nichushkin,14310058,W/UTIL,3900,NYI@COL 02/19/2020 10:00PM ET,COL,6.14
D,Andy Greene (14310376),Andy Greene,14310376,D/UTIL,3900,NYI@COL 02/19/2020 10:00PM ET,NYI,7.36
C,Derek Grant (14309824),Derek Grant,14309824,C/UTIL,3900,FLA@ANH 02/19/2020 10:00PM ET,ANH,6.64
LW,Kieffer Bellows (14310060),Kieffer Bellows,14310060,W/UTIL,3800,NYI@COL 02/19/2020 10:00PM ET,NYI,6.53
D,Samuel Girard (14310384),Samuel Girard,14310384,D/UTIL,3800,NYI@COL 02/19/2020 10:00PM ET,COL,7.04
RW,Brett Connolly (14310062),Brett Connolly,14310062,W/UTIL,3800,FLA@ANH 02/19/2020 10:00PM ET,FLA,6.80
D,MacKenzie Weegar (14310382),MacKenzie Weegar,14310382,D/UTIL,3800,FLA@ANH 02/19/2020 10:00PM ET,FLA,7.09
C,Joel Eriksson Ek (14309826),Joel Eriksson Ek,14309826,C/UTIL,3800,MIN@VAN 02/19/2020 10:30PM ET,MIN,6.56
D,Christopher Tanev (14310386),Christopher Tanev,14310386,D/UTIL,3800,MIN@VAN 02/19/2020 10:30PM ET,VAN,7.00
D,Brandon Carlo (14310388),Brandon Carlo,14310388,D/UTIL,3700,BOS@EDM 02/19/2020 08:30PM ET,BOS,6.18
RW,Josh Bailey (14310064),Josh Bailey,14310064,W/UTIL,3700,NYI@COL 02/19/2020 10:00PM ET,NYI,7.06
D,Devon Toews (14310390),Devon Toews,14310390,D/UTIL,3700,NYI@COL 02/19/2020 10:00PM ET,NYI,6.66
C,Adam Gaudette (14309828),Adam Gaudette,14309828,C/UTIL,3700,MIN@VAN 02/19/2020 10:30PM ET,VAN,5.80
RW,Josh Leivo (14310066),Josh Leivo,14310066,W/UTIL,3700,MIN@VAN 02/19/2020 10:30PM ET,VAN,6.61
D,Jonas Brodin (14310392),Jonas Brodin,14310392,D/UTIL,3700,MIN@VAN 02/19/2020 10:30PM ET,MIN,6.96
RW,Dylan Strome (14310068),Dylan Strome,14310068,W/UTIL,3600,NYR@CHI 02/19/2020 08:00PM ET,CHI,7.30
D,Erik Gustafsson (14310396),Erik Gustafsson,14310396,D/UTIL,3600,NYR@CHI 02/19/2020 08:00PM ET,CHI,6.39
C,Radek Faksa (14309830),Radek Faksa,14309830,C/UTIL,3600,ARI@DAL 02/19/2020 08:30PM ET,DAL,5.98
D,Adam Pelech (14310398),Adam Pelech,14310398,D/UTIL,3600,NYI@COL 02/19/2020 10:00PM ET,NYI,7.26
D,Johnny Boychuk (14310408),Johnny Boychuk,14310408,D/UTIL,3600,NYI@COL 02/19/2020 10:00PM ET,NYI,7.10
LW,Nick Ritchie (14310070),Nick Ritchie,14310070,W/UTIL,3600,FLA@ANH 02/19/2020 10:00PM ET,ANH,5.55
C,Andrew Shaw (14309832),Andrew Shaw,14309832,C/UTIL,3500,NYR@CHI 02/19/2020 08:00PM ET,CHI,5.66
RW,Jesper Fast (14310074),Jesper Fast,14310074,W/UTIL,3500,NYR@CHI 02/19/2020 08:00PM ET,NYR,5.52
RW,Corey Perry (14310072),Corey Perry,14310072,W/UTIL,3500,ARI@DAL 02/19/2020 08:30PM ET,DAL,4.92
D,Mike Matheson (14310400),Mike Matheson,14310400,D/UTIL,3500,FLA@ANH 02/19/2020 10:00PM ET,FLA,6.62
D,Riley Stillman (14310402),Riley Stillman,14310402,D/UTIL,3500,FLA@ANH 02/19/2020 10:00PM ET,FLA,6.72
D,Erik Gudbranson (14310404),Erik Gudbranson,14310404,D/UTIL,3500,FLA@ANH 02/19/2020 10:00PM ET,ANH,5.56
RW,Drake Caggiula (14310076),Drake Caggiula,14310076,W/UTIL,3400,NYR@CHI 02/19/2020 08:00PM ET,CHI,5.26
RW,Vinnie Hinostroza (14310078),Vinnie Hinostroza,14310078,W/UTIL,3400,ARI@DAL 02/19/2020 08:30PM ET,ARI,5.36
D,Zdeno Chara (14310394),Zdeno Chara,14310394,D/UTIL,3400,BOS@EDM 02/19/2020 08:30PM ET,BOS,5.93
D,Matt Grzelcyk (14310406),Matt Grzelcyk,14310406,D/UTIL,3400,BOS@EDM 02/19/2020 08:30PM ET,BOS,5.51
C,Casey Cizikas (14309834),Casey Cizikas,14309834,C/UTIL,3400,NYI@COL 02/19/2020 10:00PM ET,NYI,5.73
D,Brad Hunt (14310410),Brad Hunt,14310410,D/UTIL,3400,MIN@VAN 02/19/2020 10:30PM ET,MIN,5.87
RW,Kaapo Kakko (14310082),Kaapo Kakko,14310082,W/UTIL,3300,NYR@CHI 02/19/2020 08:00PM ET,NYR,5.30
D,Olli Maatta (14310414),Olli Maatta,14310414,D/UTIL,3300,NYR@CHI 02/19/2020 08:00PM ET,CHI,6.55
D,Brent Seabrook (14310416),Brent Seabrook,14310416,D/UTIL,3300,NYR@CHI 02/19/2020 08:00PM ET,CHI,6.62
RW,Danton Heinen (14310080),Danton Heinen,14310080,W/UTIL,3300,BOS@EDM 02/19/2020 08:30PM ET,BOS,5.68
D,Ethan Bear (14310412),Ethan Bear,14310412,D/UTIL,3300,BOS@EDM 02/19/2020 08:30PM ET,EDM,6.12
C,Tyson Jost (14309836),Tyson Jost,14309836,C/UTIL,3300,NYI@COL 02/19/2020 10:00PM ET,COL,4.65
RW,Matt Calvert (14310086),Matt Calvert,14310086,W/UTIL,3200,NYI@COL 02/19/2020 10:00PM ET,COL,6.92
C,Sam Steel (14309838),Sam Steel,14309838,C/UTIL,3200,FLA@ANH 02/19/2020 10:00PM ET,ANH,4.67
D,Brendan Guhle (14310418),Brendan Guhle,14310418,D/UTIL,3200,FLA@ANH 02/19/2020 10:00PM ET,ANH,5.61
D,Anton Stralman (14310420),Anton Stralman,14310420,D/UTIL,3200,FLA@ANH 02/19/2020 10:00PM ET,FLA,6.26
D,Michael Del Zotto (14310422),Michael Del Zotto,14310422,D/UTIL,3200,FLA@ANH 02/19/2020 10:00PM ET,ANH,5.35
LW,Marcus Foligno (14310084),Marcus Foligno,14310084,W/UTIL,3200,MIN@VAN 02/19/2020 10:30PM ET,MIN,5.86
LW,Lawson Crouse (14310088),Lawson Crouse,14310088,W/UTIL,3100,ARI@DAL 02/19/2020 08:30PM ET,ARI,5.96
LW,Carl Soderberg (14310090),Carl Soderberg,14310090,W/UTIL,3100,ARI@DAL 02/19/2020 08:30PM ET,ARI,6.81
D,Roman Polak (14310428),Roman Polak,14310428,D/UTIL,3100,ARI@DAL 02/19/2020 08:30PM ET,DAL,6.20
D,Adam Larsson (14310424),Adam Larsson,14310424,D/UTIL,3100,BOS@EDM 02/19/2020 08:30PM ET,EDM,5.80
C,Pierre-Edouard Bellemare (14309840),Pierre-Edouard Bellemare,14309840,C/UTIL,3100,NYI@COL 02/19/2020 10:00PM ET,COL,5.11
D,Jordie Benn (14310426),Jordie Benn,14310426,D/UTIL,3100,MIN@VAN 02/19/2020 10:30PM ET,VAN,5.63
C,Kirby Dach (14309842),Kirby Dach,14309842,C/UTIL,3000,NYR@CHI 02/19/2020 08:00PM ET,CHI,5.24
D,Jordan Oesterle (14310432),Jordan Oesterle,14310432,D/UTIL,3000,ARI@DAL 02/19/2020 08:30PM ET,ARI,5.74
RW,Zack Kassian (14310094),Zack Kassian,14310094,W/UTIL,3000,BOS@EDM 02/19/2020 08:30PM ET,EDM,6.68
LW,Sam Gagner (14310096),Sam Gagner,14310096,W/UTIL,3000,BOS@EDM 02/19/2020 08:30PM ET,EDM,5.36
D,Scott Mayfield (14310430),Scott Mayfield,14310430,D/UTIL,3000,NYI@COL 02/19/2020 10:00PM ET,NYI,6.82
D,Nick Leddy (14310434),Nick Leddy,14310434,D/UTIL,3000,NYI@COL 02/19/2020 10:00PM ET,NYI,6.41
RW,Troy Terry (14310092),Troy Terry,14310092,W/UTIL,3000,FLA@ANH 02/19/2020 10:00PM ET,ANH,4.70
D,Adam Boqvist (14310438),Adam Boqvist,14310438,D/UTIL,2900,NYR@CHI 02/19/2020 08:00PM ET,CHI,5.12
C,Jason Dickinson (14309844),Jason Dickinson,14309844,C/UTIL,2900,ARI@DAL 02/19/2020 08:30PM ET,DAL,5.50
RW,Karson Kuhlman (14310098),Karson Kuhlman,14310098,W/UTIL,2900,BOS@EDM 02/19/2020 08:30PM ET,BOS,4.73
LW,Antoine Roussel (14310100),Antoine Roussel,14310100,W/UTIL,2900,MIN@VAN 02/19/2020 10:30PM ET,VAN,4.8
LW,Ryan Donato (14310102),Ryan Donato,14310102,W/UTIL,2900,MIN@VAN 02/19/2020 10:30PM ET,MIN,5.29
D,Greg Pateryn (14310436),Greg Pateryn,14310436,D/UTIL,2900,MIN@VAN 02/19/2020 10:30PM ET,MIN,5.47
D,Oscar Fantenberg (14310440),Oscar Fantenberg,14310440,D/UTIL,2900,MIN@VAN 02/19/2020 10:30PM ET,VAN,5.92
LW,Phillip Di Giuseppe (14310108),Phillip Di Giuseppe,14310108,W/UTIL,2800,NYR@CHI 02/19/2020 08:00PM ET,NYR,5.25
D,Marc Staal (14310444),Marc Staal,14310444,D/UTIL,2800,NYR@CHI 02/19/2020 08:00PM ET,NYR,5.17
RW,Alex Chiasson (14310104),Alex Chiasson,14310104,W/UTIL,2800,BOS@EDM 02/19/2020 08:30PM ET,EDM,5.17
LW,Anders Bjork (14310106),Anders Bjork,14310106,W/UTIL,2800,BOS@EDM 02/19/2020 08:30PM ET,BOS,4.66
D,Nikita Zadorov (14310446),Nikita Zadorov,14310446,D/UTIL,2800,NYI@COL 02/19/2020 10:00PM ET,COL,4.8
C,Mikko Koivu (14309846),Mikko Koivu,14309846,C/UTIL,2800,MIN@VAN 02/19/2020 10:30PM ET,MIN,4.92
D,Troy Stecher (14310442),Troy Stecher,14310442,D/UTIL,2800,MIN@VAN 02/19/2020 10:30PM ET,VAN,4.31
C,Riley Sheahan (14309848),Riley Sheahan,14309848,C/UTIL,2700,BOS@EDM 02/19/2020 08:30PM ET,EDM,4.02
D,Kris Russell (14310454),Kris Russell,14310454,D/UTIL,2700,BOS@EDM 02/19/2020 08:30PM ET,EDM,5.13
RW,Matt Nieto (14310114),Matt Nieto,14310114,W/UTIL,2700,NYI@COL 02/19/2020 10:00PM ET,COL,4.63
D,Mark Barberio (14310452),Mark Barberio,14310452,D/UTIL,2700,NYI@COL 02/19/2020 10:00PM ET,COL,4.57
LW,Max Jones (14310110),Max Jones,14310110,W/UTIL,2700,FLA@ANH 02/19/2020 10:00PM ET,ANH,4.72
LW,Colton Sceviour (14310116),Colton Sceviour,14310116,W/UTIL,2700,FLA@ANH 02/19/2020 10:00PM ET,FLA,5.73
D,Josh Manson (14310448),Josh Manson,14310448,D/UTIL,2700,FLA@ANH 02/19/2020 10:00PM ET,ANH,4.79
D,Korbinian Holzer (14310450),Korbinian Holzer,14310450,D/UTIL,2700,FLA@ANH 02/19/2020 10:00PM ET,ANH,4.83
LW,Alex Galchenyuk (14310112),Alex Galchenyuk,14310112,W/UTIL,2700,MIN@VAN 02/19/2020 10:30PM ET,MIN,4.54
LW,Brendan Lemieux (14310128),Brendan Lemieux,14310128,W/UTIL,2600,NYR@CHI 02/19/2020 08:00PM ET,NYR,5.80
RW,Blake Comeau (14310124),Blake Comeau,14310124,W/UTIL,2600,ARI@DAL 02/19/2020 08:30PM ET,DAL,5.4
D,Niklas Hjalmarsson (14310456),Niklas Hjalmarsson,14310456,D/UTIL,2600,ARI@DAL 02/19/2020 08:30PM ET,ARI,4.99
D,Jason Demers (14310462),Jason Demers,14310462,D/UTIL,2600,ARI@DAL 02/19/2020 08:30PM ET,ARI,5.16
C,Sean Kuraly (14309850),Sean Kuraly,14309850,C/UTIL,2600,BOS@EDM 02/19/2020 08:30PM ET,BOS,4.76
LW,Josh Archibald (14310122),Josh Archibald,14310122,W/UTIL,2600,BOS@EDM 02/19/2020 08:30PM ET,EDM,4.97
D,Jeremy Lauzon (14310458),Jeremy Lauzon,14310458,D/UTIL,2600,BOS@EDM 02/19/2020 08:30PM ET,BOS,4.12
D,John Moore (14310460),John Moore,14310460,D/UTIL,2600,BOS@EDM 02/19/2020 08:30PM ET,BOS,5.09
D,William Lagesson (14310464),William Lagesson,14310464,D/UTIL,2600,BOS@EDM 02/19/2020 08:30PM ET,EDM,4.67
LW,Devin Shore (14310118),Devin Shore,14310118,W/UTIL,2600,FLA@ANH 02/19/2020 10:00PM ET,ANH,3.88
RW,Mark Pysyk (14310120),Mark Pysyk,14310120,W/UTIL,2600,FLA@ANH 02/19/2020 10:00PM ET,FLA,5.09
RW,Jordan Greenway (14310126),Jordan Greenway,14310126,W/UTIL,2600,MIN@VAN 02/19/2020 10:30PM ET,MIN,5.29
C,Ryan Carpenter (14309852),Ryan Carpenter,14309852,C/UTIL,2500,NYR@CHI 02/19/2020 08:00PM ET,CHI,4.54
C,David Kampf (14309858),David Kampf,14309858,C/UTIL,2500,NYR@CHI 02/19/2020 08:00PM ET,CHI,4.28
C,Greg McKegg (14309870),Greg McKegg,14309870,C/UTIL,2500,NYR@CHI 02/19/2020 08:00PM ET,NYR,2.82
C,Jacob Nilsson (14309894),Jacob Nilsson,14309894,C/UTIL,2500,NYR@CHI 02/19/2020 08:00PM ET,CHI,0
C,Boo Nieves (14309946),Boo Nieves,14309946,C/UTIL,2500,NYR@CHI 02/19/2020 08:00PM ET,NYR,1.4
C,Lias Andersson (14309948),Lias Andersson,14309948,C/UTIL,2500,NYR@CHI 02/19/2020 08:00PM ET,NYR,2.05
RW,Alex Nylander (14310146),Alex Nylander,14310146,W/UTIL,2500,NYR@CHI 02/19/2020 08:00PM ET,CHI,4.87
LW,Matthew Highmore (14310148),Matthew Highmore,14310148,W/UTIL,2500,NYR@CHI 02/19/2020 08:00PM ET,CHI,2.68
RW,Brett Howden (14310170),Brett Howden,14310170,W/UTIL,2500,NYR@CHI 02/19/2020 08:00PM ET,NYR,4.68
RW,Zack Smith (14310178),Zack Smith,14310178,W/UTIL,2500,NYR@CHI 02/19/2020 08:00PM ET,CHI,3.22
LW,Micheal Haley (14310196),Micheal Haley,14310196,W/UTIL,2500,NYR@CHI 02/19/2020 08:00PM ET,NYR,1.49
RW,John Quenneville (14310208),John Quenneville,14310208,W/UTIL,2500,NYR@CHI 02/19/2020 08:00PM ET,CHI,2.77
LW,Dylan Sikura (14310210),Dylan Sikura,14310210,W/UTIL,2500,NYR@CHI 02/19/2020 08:00PM ET,CHI,4.01
LW,Anton Wedin (14310212),Anton Wedin,14310212,W/UTIL,2500,NYR@CHI 02/19/2020 08:00PM ET,CHI,1.08
LW,Brandon Hagel (14310214),Brandon Hagel,14310214,W/UTIL,2500,NYR@CHI 02/19/2020 08:00PM ET,CHI,0
LW,Alexandre Fortin (14310216),Alexandre Fortin,14310216,W/UTIL,2500,NYR@CHI 02/19/2020 08:00PM ET,CHI,0
LW,Tim Gettinger (14310292),Tim Gettinger,14310292,W/UTIL,2500,NYR@CHI 02/19/2020 08:00PM ET,NYR,5.4
RW,Steven Fogarty (14310294),Steven Fogarty,14310294,W/UTIL,2500,NYR@CHI 02/19/2020 08:00PM ET,NYR,1.15
LW,Matt Beleskey (14310296),Matt Beleskey,14310296,W/UTIL,2500,NYR@CHI 02/19/2020 08:00PM ET,NYR,0
RW,Vinni Lettieri (14310298),Vinni Lettieri,14310298,W/UTIL,2500,NYR@CHI 02/19/2020 08:00PM ET,NYR,0
RW,Vitali Kravtsov (14310300),Vitali Kravtsov,14310300,W/UTIL,2500,NYR@CHI 02/19/2020 08:00PM ET,NYR,0
D,Nick Seeler (14310466),Nick Seeler,14310466,D/UTIL,2500,NYR@CHI 02/19/2020 08:00PM ET,CHI,4.05
D,Brendan Smith (14310470),Brendan Smith,14310470,D/UTIL,2500,NYR@CHI 02/19/2020 08:00PM ET,NYR,2.61
D,Slater Koekkoek (14310472),Slater Koekkoek,14310472,D/UTIL,2500,NYR@CHI 02/19/2020 08:00PM ET,CHI,4.95
D,Ryan Lindgren (14310482),Ryan Lindgren,14310482,D/UTIL,2500,NYR@CHI 02/19/2020 08:00PM ET,NYR,4.13
D,Calvin de Haan (14310498),Calvin de Haan,14310498,D/UTIL,2500,NYR@CHI 02/19/2020 08:00PM ET,CHI,8.57
D,Dennis Gilbert (14310510),Dennis Gilbert,14310510,D/UTIL,2500,NYR@CHI 02/19/2020 08:00PM ET,CHI,4.57
D,Ian McCoshen (14310512),Ian McCoshen,14310512,D/UTIL,2500,NYR@CHI 02/19/2020 08:00PM ET,CHI,0
D,Nicolas Beaudin (14310514),Nicolas Beaudin,14310514,D/UTIL,2500,NYR@CHI 02/19/2020 08:00PM ET,CHI,0
D,Libor Hajek (14310570),Libor Hajek,14310570,D/UTIL,2500,NYR@CHI 02/19/2020 08:00PM ET,NYR,4.70
D,Tarmo Reunanen (14310572),Tarmo Reunanen,14310572,D/UTIL,2500,NYR@CHI 02/19/2020 08:00PM ET,NYR,0
D,Darren Raddysh (14310574),Darren Raddysh,14310574,D/UTIL,2500,NYR@CHI 02/19/2020 08:00PM ET,NYR,0
D,Yegor Rykov (14310576),Yegor Rykov,14310576,D/UTIL,2500,NYR@CHI 02/19/2020 08:00PM ET,NYR,0
D,Joey Keane (14310578),Joey Keane,14310578,D/UTIL,2500,NYR@CHI 02/19/2020 08:00PM ET,NYR,0
C,Brad Richardson (14309862),Brad Richardson,14309862,C/UTIL,2500,ARI@DAL 02/19/2020 08:30PM ET,ARI,4.00
C,Barrett Hayton (14309876),Barrett Hayton,14309876,C/UTIL,2500,ARI@DAL 02/19/2020 08:30PM ET,ARI,4.01
C,Martin Hanzal (14309882),Martin Hanzal,14309882,C/UTIL,2500,ARI@DAL 02/19/2020 08:30PM ET,DAL,0
C,Justin Dowling (14309890),Justin Dowling,14309890,C/UTIL,2500,ARI@DAL 02/19/2020 08:30PM ET,DAL,3.69
C,Michael Chaput (14309908),Michael Chaput,14309908,C/UTIL,2500,ARI@DAL 02/19/2020 08:30PM ET,ARI,2.8
C,Andy Miele (14309910),Andy Miele,14309910,C/UTIL,2500,ARI@DAL 02/19/2020 08:30PM ET,ARI,0
C,Blake Speers (14309912),Blake Speers,14309912,C/UTIL,2500,ARI@DAL 02/19/2020 08:30PM ET,ARI,0
C,Rhett Gardner (14309950),Rhett Gardner,14309950,C/UTIL,2500,ARI@DAL 02/19/2020 08:30PM ET,DAL,1.82
C,Joel L'Esperance (14309952),Joel L'Esperance,14309952,C/UTIL,2500,ARI@DAL 02/19/2020 08:30PM ET,DAL,4.27
C,Ty Dellandrea (14309954),Ty Dellandrea,14309954,C/UTIL,2500,ARI@DAL 02/19/2020 08:30PM ET,DAL,0
C,Tanner Kero (14309956),Tanner Kero,14309956,C/UTIL,2500,ARI@DAL 02/19/2020 08:30PM ET,DAL,0
C,Oula Palve (14309958),Oula Palve,14309958,C/UTIL,2500,ARI@DAL 02/19/2020 08:30PM ET,DAL,0
LW,Andrew Cogliano (14310140),Andrew Cogliano,14310140,W/UTIL,2500,ARI@DAL 02/19/2020 08:30PM ET,DAL,3.30
RW,Christian Fischer (14310156),Christian Fischer,14310156,W/UTIL,2500,ARI@DAL 02/19/2020 08:30PM ET,ARI,4.06
LW,Mattias Janmark (14310172),Mattias Janmark,14310172,W/UTIL,2500,ARI@DAL 02/19/2020 08:30PM ET,DAL,5.25
RW,Joel Kiviranta (14310174),Joel Kiviranta,14310174,W/UTIL,2500,ARI@DAL 02/19/2020 08:30PM ET,DAL,2.9
LW,Michael Grabner (14310186),Michael Grabner,14310186,W/UTIL,2500,ARI@DAL 02/19/2020 08:30PM ET,ARI,4.27
RW,Hudson Fasching (14310234),Hudson Fasching,14310234,W/UTIL,2500,ARI@DAL 02/19/2020 08:30PM ET,ARI,0
LW,Michael Bunting (14310236),Michael Bunting,14310236,W/UTIL,2500,ARI@DAL 02/19/2020 08:30PM ET,ARI,0
LW,Tyler Steenbergen (14310238),Tyler Steenbergen,14310238,W/UTIL,2500,ARI@DAL 02/19/2020 08:30PM ET,ARI,0
LW,Giovanni Fiore (14310240),Giovanni Fiore,14310240,W/UTIL,2500,ARI@DAL 02/19/2020 08:30PM ET,ARI,0
RW,Beau Bennett (14310242),Beau Bennett,14310242,W/UTIL,2500,ARI@DAL 02/19/2020 08:30PM ET,ARI,0
RW,Jan Jenik (14310244),Jan Jenik,14310244,W/UTIL,2500,ARI@DAL 02/19/2020 08:30PM ET,ARI,0
LW,Brayden Burke (14310246),Brayden Burke,14310246,W/UTIL,2500,ARI@DAL 02/19/2020 08:30PM ET,ARI,0
LW,Jason Robertson (14310302),Jason Robertson,14310302,W/UTIL,2500,ARI@DAL 02/19/2020 08:30PM ET,DAL,3.67
RW,Nick Caamano (14310304),Nick Caamano,14310304,W/UTIL,2500,ARI@DAL 02/19/2020 08:30PM ET,DAL,3.08
LW,Michael Mersch (14310306),Michael Mersch,14310306,W/UTIL,2500,ARI@DAL 02/19/2020 08:30PM ET,DAL,0
D,Ilya Lyubushkin (14310474),Ilya Lyubushkin,14310474,D/UTIL,2500,ARI@DAL 02/19/2020 08:30PM ET,ARI,3.03
D,Jamie Oleksiak (14310484),Jamie Oleksiak,14310484,D/UTIL,2500,ARI@DAL 02/19/2020 08:30PM ET,DAL,3.83
D,Taylor Fedun (14310494),Taylor Fedun,14310494,D/UTIL,2500,ARI@DAL 02/19/2020 08:30PM ET,DAL,5.17
D,Andrej Sekera (14310496),Andrej Sekera,14310496,D/UTIL,2500,ARI@DAL 02/19/2020 08:30PM ET,DAL,4.98
D,Aaron Ness (14310532),Aaron Ness,14310532,D/UTIL,2500,ARI@DAL 02/19/2020 08:30PM ET,ARI,2.22
D,Jordan Gross (14310534),Jordan Gross,14310534,D/UTIL,2500,ARI@DAL 02/19/2020 08:30PM ET,ARI,5.4
D,Kyle Capobianco (14310536),Kyle Capobianco,14310536,D/UTIL,2500,ARI@DAL 02/19/2020 08:30PM ET,ARI,4.39
D,Victor Soderstrom (14310538),Victor Soderstrom,14310538,D/UTIL,2500,ARI@DAL 02/19/2020 08:30PM ET,ARI,0
D,Robbie Russo (14310540),Robbie Russo,14310540,D/UTIL,2500,ARI@DAL 02/19/2020 08:30PM ET,ARI,0
D,Joel Hanley (14310580),Joel Hanley,14310580,D/UTIL,2500,ARI@DAL 02/19/2020 08:30PM ET,DAL,3.68
D,Julius Honka (14310582),Julius Honka,14310582,D/UTIL,2500,ARI@DAL 02/19/2020 08:30PM ET,DAL,0
D,Thomas Harley (14310584),Thomas Harley,14310584,D/UTIL,2500,ARI@DAL 02/19/2020 08:30PM ET,DAL,0
D,Dillon Heatherington (14310586),Dillon Heatherington,14310586,D/UTIL,2500,ARI@DAL 02/19/2020 08:30PM ET,DAL,0
D,Gavin Bayreuther (14310588),Gavin Bayreuther,14310588,D/UTIL,2500,ARI@DAL 02/19/2020 08:30PM ET,DAL,0
D,Ben Gleason (14310590),Ben Gleason,14310590,D/UTIL,2500,ARI@DAL 02/19/2020 08:30PM ET,DAL,0
C,Gaetan Haas (14309854),Gaetan Haas,14309854,C/UTIL,2500,BOS@EDM 02/19/2020 08:30PM ET,EDM,3.44
C,Colby Cave (14309866),Colby Cave,14309866,C/UTIL,2500,BOS@EDM 02/19/2020 08:30PM ET,EDM,2.07
C,Par Lindholm (14309872),Par Lindholm,14309872,C/UTIL,2500,BOS@EDM 02/19/2020 08:30PM ET,BOS,3.22
C,Trent Frederic (14309896),Trent Frederic,14309896,C/UTIL,2500,BOS@EDM 02/19/2020 08:30PM ET,BOS,0.75
C,Jack Studnicka (14309898),Jack Studnicka,14309898,C/UTIL,2500,BOS@EDM 02/19/2020 08:30PM ET,BOS,4.75
C,Cameron Hughes (14309900),Cameron Hughes,14309900,C/UTIL,2500,BOS@EDM 02/19/2020 08:30PM ET,BOS,2.6
C,Jakub Lauko (14309902),Jakub Lauko,14309902,C/UTIL,2500,BOS@EDM 02/19/2020 08:30PM ET,BOS,0
C,Oskar Steen (14309904),Oskar Steen,14309904,C/UTIL,2500,BOS@EDM 02/19/2020 08:30PM ET,BOS,0
C,Cooper Marody (14309934),Cooper Marody,14309934,C/UTIL,2500,BOS@EDM 02/19/2020 08:30PM ET,EDM,0
C,Bogdan Yakimov (14309936),Bogdan Yakimov,14309936,C/UTIL,2500,BOS@EDM 02/19/2020 08:30PM ET,EDM,0
C,Kyle Brodziak (14309938),Kyle Brodziak,14309938,C/UTIL,2500,BOS@EDM 02/19/2020 08:30PM ET,EDM,0
LW,Jujhar Khaira (14310136),Jujhar Khaira,14310136,W/UTIL,2500,BOS@EDM 02/19/2020 08:30PM ET,EDM,3.58
RW,Patrick Russell (14310138),Patrick Russell,14310138,W/UTIL,2500,BOS@EDM 02/19/2020 08:30PM ET,EDM,3.51
LW,Joakim Nordstrom (14310150),Joakim Nordstrom,14310150,W/UTIL,2500,BOS@EDM 02/19/2020 08:30PM ET,BOS,3.64
RW,Chris Wagner (14310152),Chris Wagner,14310152,W/UTIL,2500,BOS@EDM 02/19/2020 08:30PM ET,BOS,3.38
RW,Tyler Benson (14310166),Tyler Benson,14310166,W/UTIL,2500,BOS@EDM 02/19/2020 08:30PM ET,EDM,3.08
LW,Markus Granlund (14310168),Markus Granlund,14310168,W/UTIL,2500,BOS@EDM 02/19/2020 08:30PM ET,EDM,2.86
LW,Anton Blidh (14310180),Anton Blidh,14310180,W/UTIL,2500,BOS@EDM 02/19/2020 08:30PM ET,BOS,2.54
LW,Joakim Nygard (14310198),Joakim Nygard,14310198,W/UTIL,2500,BOS@EDM 02/19/2020 08:30PM ET,EDM,3.77
RW,David Backes (14310218),David Backes,14310218,W/UTIL,2500,BOS@EDM 02/19/2020 08:30PM ET,BOS,3.92
RW,Brett Ritchie (14310220),Brett Ritchie,14310220,W/UTIL,2500,BOS@EDM 02/19/2020 08:30PM ET,BOS,3.40
LW,Peter Cehlarik (14310222),Peter Cehlarik,14310222,W/UTIL,2500,BOS@EDM 02/19/2020 08:30PM ET,BOS,2.53
RW,Zach Senyshyn (14310224),Zach Senyshyn,14310224,W/UTIL,2500,BOS@EDM 02/19/2020 08:30PM ET,BOS,3.2
RW,Paul Carey (14310226),Paul Carey,14310226,W/UTIL,2500,BOS@EDM 02/19/2020 08:30PM ET,BOS,1.3
LW,Brendan Gaunce (14310228),Brendan Gaunce,14310228,W/UTIL,2500,BOS@EDM 02/19/2020 08:30PM ET,BOS,5
LW,Tomas Jurco (14310272),Tomas Jurco,14310272,W/UTIL,2500,BOS@EDM 02/19/2020 08:30PM ET,EDM,2.03
LW,Brad Malone (14310274),Brad Malone,14310274,W/UTIL,2500,BOS@EDM 02/19/2020 08:30PM ET,EDM,0
LW,Joseph Gambardella (14310276),Joseph Gambardella,14310276,W/UTIL,2500,BOS@EDM 02/19/2020 08:30PM ET,EDM,0
RW,Josh Currie (14310278),Josh Currie,14310278,W/UTIL,2500,BOS@EDM 02/19/2020 08:30PM ET,EDM,0
LW,Nolan Vesey (14310280),Nolan Vesey,14310280,W/UTIL,2500,BOS@EDM 02/19/2020 08:30PM ET,EDM,0
D,Caleb Jones (14310478),Caleb Jones,14310478,D/UTIL,2500,BOS@EDM 02/19/2020 08:30PM ET,EDM,4.41
D,Matt Benning (14310480),Matt Benning,14310480,D/UTIL,2500,BOS@EDM 02/19/2020 08:30PM ET,EDM,3.70
D,Connor Clifton (14310488),Connor Clifton,14310488,D/UTIL,2500,BOS@EDM 02/19/2020 08:30PM ET,BOS,3.25
D,Kevan Miller (14310500),Kevan Miller,14310500,D/UTIL,2500,BOS@EDM 02/19/2020 08:30PM ET,BOS,0
D,Urho Vaakanainen (14310516),Urho Vaakanainen,14310516,D/UTIL,2500,BOS@EDM 02/19/2020 08:30PM ET,BOS,1.38
D,Steven Kampfer (14310518),Steven Kampfer,14310518,D/UTIL,2500,BOS@EDM 02/19/2020 08:30PM ET,BOS,3.99
D,Jakub Zboril (14310520),Jakub Zboril,14310520,D/UTIL,2500,BOS@EDM 02/19/2020 08:30PM ET,BOS,0
D,Joel Persson (14310556),Joel Persson,14310556,D/UTIL,2500,BOS@EDM 02/19/2020 08:30PM ET,EDM,3.96
D,Brandon Manning (14310558),Brandon Manning,14310558,D/UTIL,2500,BOS@EDM 02/19/2020 08:30PM ET,EDM,3.14
D,Philip Broberg (14310560),Philip Broberg,14310560,D/UTIL,2500,BOS@EDM 02/19/2020 08:30PM ET,EDM,0
D,Keegan Lowe (14310562),Keegan Lowe,14310562,D/UTIL,2500,BOS@EDM 02/19/2020 08:30PM ET,EDM,0
D,Evan Bouchard (14310564),Evan Bouchard,14310564,D/UTIL,2500,BOS@EDM 02/19/2020 08:30PM ET,EDM,0
C,Leo Komarov (14309864),Leo Komarov,14309864,C/UTIL,2500,NYI@COL 02/19/2020 10:00PM ET,NYI,4.40
C,Colin Wilson (14309886),Colin Wilson,14309886,C/UTIL,2500,NYI@COL 02/19/2020 10:00PM ET,COL,4.84
C,Sheldon Dries (14309892),Sheldon Dries,14309892,C/UTIL,2500,NYI@COL 02/19/2020 10:00PM ET,COL,2.6
C,Otto Koivula (14309926),Otto Koivula,14309926,C/UTIL,2500,NYI@COL 02/19/2020 10:00PM ET,NYI,0.99
C,Cole Bardreau (14309928),Cole Bardreau,14309928,C/UTIL,2500,NYI@COL 02/19/2020 10:00PM ET,NYI,2.98
C,Tanner Fritz (14309930),Tanner Fritz,14309930,C/UTIL,2500,NYI@COL 02/19/2020 10:00PM ET,NYI,0
C,Mason Jobst (14309932),Mason Jobst,14309932,C/UTIL,2500,NYI@COL 02/19/2020 10:00PM ET,NYI,0
RW,Martin Kaut (14310130),Martin Kaut,14310130,W/UTIL,2500,NYI@COL 02/19/2020 10:00PM ET,COL,0
RW,Michael Dal Colle (14310134),Michael Dal Colle,14310134,W/UTIL,2500,NYI@COL 02/19/2020 10:00PM ET,NYI,3.52
RW,Vladislav Kamenev (14310142),Vladislav Kamenev,14310142,W/UTIL,2500,NYI@COL 02/19/2020 10:00PM ET,COL,3.44
LW,T.J. Tynan (14310144),T.J. Tynan,14310144,W/UTIL,2500,NYI@COL 02/19/2020 10:00PM ET,COL,1.29
LW,Matt Martin (14310162),Matt Martin,14310162,W/UTIL,2500,NYI@COL 02/19/2020 10:00PM ET,NYI,3.31
RW,Ross Johnston (14310164),Ross Johnston,14310164,W/UTIL,2500,NYI@COL 02/19/2020 10:00PM ET,NYI,2.26
RW,Tom Kuhnhackl (14310188),Tom Kuhnhackl,14310188,W/UTIL,2500,NYI@COL 02/19/2020 10:00PM ET,NYI,4.31
RW,Cal Clutterbuck (14310194),Cal Clutterbuck,14310194,W/UTIL,2500,NYI@COL 02/19/2020 10:00PM ET,NYI,4.64
RW,Jayson Megna (14310200),Jayson Megna,14310200,W/UTIL,2500,NYI@COL 02/19/2020 10:00PM ET,COL,1.56
RW,Logan O'Connor (14310202),Logan O'Connor,14310202,W/UTIL,2500,NYI@COL 02/19/2020 10:00PM ET,COL,3.67
LW,A.J. Greer (14310204),A.J. Greer,14310204,W/UTIL,2500,NYI@COL 02/19/2020 10:00PM ET,COL,0
RW,Nick Henry (14310206),Nick Henry,14310206,W/UTIL,2500,NYI@COL 02/19/2020 10:00PM ET,COL,0
LW,Andrew Ladd (14310262),Andrew Ladd,14310262,W/UTIL,2500,NYI@COL 02/19/2020 10:00PM ET,NYI,1.5
RW,Oliver Wahlstrom (14310264),Oliver Wahlstrom,14310264,W/UTIL,2500,NYI@COL 02/19/2020 10:00PM ET,NYI,2.08
RW,Travis St. Denis (14310266),Travis St. Denis,14310266,W/UTIL,2500,NYI@COL 02/19/2020 10:00PM ET,NYI,0
RW,Joshua Ho-Sang (14310268),Joshua Ho-Sang,14310268,W/UTIL,2500,NYI@COL 02/19/2020 10:00PM ET,NYI,0
RW,Simon Holmstrom (14310270),Simon Holmstrom,14310270,W/UTIL,2500,NYI@COL 02/19/2020 10:00PM ET,NYI,0
D,Noah Dobson (14310492),Noah Dobson,14310492,D/UTIL,2500,NYI@COL 02/19/2020 10:00PM ET,NYI,3.97
D,Calle Rosen (14310502),Calle Rosen,14310502,D/UTIL,2500,NYI@COL 02/19/2020 10:00PM ET,COL,3.94
D,Kevin Connauton (14310504),Kevin Connauton,14310504,D/UTIL,2500,NYI@COL 02/19/2020 10:00PM ET,COL,4.3
D,Anton Lindholm (14310506),Anton Lindholm,14310506,D/UTIL,2500,NYI@COL 02/19/2020 10:00PM ET,COL,4
D,Mark Alt (14310508),Mark Alt,14310508,D/UTIL,2500,NYI@COL 02/19/2020 10:00PM ET,COL,0
D,Seth Helgeson (14310550),Seth Helgeson,14310550,D/UTIL,2500,NYI@COL 02/19/2020 10:00PM ET,NYI,0
D,Sebastian Aho (14310552),Sebastian Aho,14310552,D/UTIL,2500,NYI@COL 02/19/2020 10:00PM ET,NYI,0
D,Thomas Hickey (14310554),Thomas Hickey,14310554,D/UTIL,2500,NYI@COL 02/19/2020 10:00PM ET,NYI,0
C,Dominic Toninato (14309856),Dominic Toninato,14309856,C/UTIL,2500,FLA@ANH 02/19/2020 10:00PM ET,FLA,3.74
C,Denis Malgin (14309868),Denis Malgin,14309868,C/UTIL,2500,FLA@ANH 02/19/2020 10:00PM ET,FLA,4.62
C,Ryan Kesler (14309878),Ryan Kesler,14309878,C/UTIL,2500,FLA@ANH 02/19/2020 10:00PM ET,ANH,0
C,Aleksi Saarela (14309880),Aleksi Saarela,14309880,C/UTIL,2500,FLA@ANH 02/19/2020 10:00PM ET,FLA,1.93
C,Brian Boyle (14309888),Brian Boyle,14309888,C/UTIL,2500,FLA@ANH 02/19/2020 10:00PM ET,FLA,5.98
C,Sam Carrick (14309914),Sam Carrick,14309914,C/UTIL,2500,FLA@ANH 02/19/2020 10:00PM ET,ANH,5.88
C,Isac Lundestrom (14309916),Isac Lundestrom,14309916,C/UTIL,2500,FLA@ANH 02/19/2020 10:00PM ET,ANH,3.03
C,Chase De Leo (14309918),Chase De Leo,14309918,C/UTIL,2500,FLA@ANH 02/19/2020 10:00PM ET,ANH,1.5
C,Antoine Morand (14309920),Antoine Morand,14309920,C/UTIL,2500,FLA@ANH 02/19/2020 10:00PM ET,ANH,0
C,Andrew Poturalski (14309922),Andrew Poturalski,14309922,C/UTIL,2500,FLA@ANH 02/19/2020 10:00PM ET,ANH,0
C,Justin Kloos (14309924),Justin Kloos,14309924,C/UTIL,2500,FLA@ANH 02/19/2020 10:00PM ET,ANH,0
C,Henrik Borgstrom (14309940),Henrik Borgstrom,14309940,C/UTIL,2500,FLA@ANH 02/19/2020 10:00PM ET,FLA,1.12
C,Rodrigo Abols (14309942),Rodrigo Abols,14309942,C/UTIL,2500,FLA@ANH 02/19/2020 10:00PM ET,FLA,0
C,Aleksi Heponiemi (14309944),Aleksi Heponiemi,14309944,C/UTIL,2500,FLA@ANH 02/19/2020 10:00PM ET,FLA,0
RW,Carter Rowney (14310158),Carter Rowney,14310158,W/UTIL,2500,FLA@ANH 02/19/2020 10:00PM ET,ANH,3.90
LW,Nicolas Deslauriers (14310160),Nicolas Deslauriers,14310160,W/UTIL,2500,FLA@ANH 02/19/2020 10:00PM ET,ANH,3.29
RW,Patrick Eaves (14310192),Patrick Eaves,14310192,W/UTIL,2500,FLA@ANH 02/19/2020 10:00PM ET,ANH,0
LW,Max Comtois (14310248),Max Comtois,14310248,W/UTIL,2500,FLA@ANH 02/19/2020 10:00PM ET,ANH,4.62
RW,Daniel Sprong (14310250),Daniel Sprong,14310250,W/UTIL,2500,FLA@ANH 02/19/2020 10:00PM ET,ANH,5.36
LW,Blake Pietila (14310252),Blake Pietila,14310252,W/UTIL,2500,FLA@ANH 02/19/2020 10:00PM ET,ANH,0
RW,Kiefer Sherwood (14310254),Kiefer Sherwood,14310254,W/UTIL,2500,FLA@ANH 02/19/2020 10:00PM ET,ANH,0
RW,Deven Sideroff (14310256),Deven Sideroff,14310256,W/UTIL,2500,FLA@ANH 02/19/2020 10:00PM ET,ANH,0
RW,Nick Sorensen (14310258),Nick Sorensen,14310258,W/UTIL,2500,FLA@ANH 02/19/2020 10:00PM ET,ANH,0
LW,Brayden Tracey (14310260),Brayden Tracey,14310260,W/UTIL,2500,FLA@ANH 02/19/2020 10:00PM ET,ANH,0
LW,Dryden Hunt (14310282),Dryden Hunt,14310282,W/UTIL,2500,FLA@ANH 02/19/2020 10:00PM ET,FLA,3.79
RW,Jack Rodewald (14310284),Jack Rodewald,14310284,W/UTIL,2500,FLA@ANH 02/19/2020 10:00PM ET,FLA,0
RW,Anthony Greco (14310286),Anthony Greco,14310286,W/UTIL,2500,FLA@ANH 02/19/2020 10:00PM ET,FLA,0
RW,Paul Thompson (14310288),Paul Thompson,14310288,W/UTIL,2500,FLA@ANH 02/19/2020 10:00PM ET,FLA,0
RW,Owen Tippett (14310290),Owen Tippett,14310290,W/UTIL,2500,FLA@ANH 02/19/2020 10:00PM ET,FLA,0
D,Josh Brown (14310468),Josh Brown,14310468,D/UTIL,2500,FLA@ANH 02/19/2020 10:00PM ET,FLA,3.89
D,Jacob Larsson (14310476),Jacob Larsson,14310476,D/UTIL,2500,FLA@ANH 02/19/2020 10:00PM ET,ANH,3.89
D,Josh Mahura (14310542),Josh Mahura,14310542,D/UTIL,2500,FLA@ANH 02/19/2020 10:00PM ET,ANH,5.21
D,Jani Hakanpaa (14310544),Jani Hakanpaa,14310544,D/UTIL,2500,FLA@ANH 02/19/2020 10:00PM ET,ANH,0
D,Chris Wideman (14310546),Chris Wideman,14310546,D/UTIL,2500,FLA@ANH 02/19/2020 10:00PM ET,ANH,0
D,Simon Benoit (14310548),Simon Benoit,14310548,D/UTIL,2500,FLA@ANH 02/19/2020 10:00PM ET,ANH,0
D,Tommy Cross (14310566),Tommy Cross,14310566,D/UTIL,2500,FLA@ANH 02/19/2020 10:00PM ET,FLA,0
D,Brady Keeper (14310568),Brady Keeper,14310568,D/UTIL,2500,FLA@ANH 02/19/2020 10:00PM ET,FLA,0
C,Jay Beagle (14309860),Jay Beagle,14309860,C/UTIL,2500,MIN@VAN 02/19/2020 10:30PM ET,VAN,3.22
C,Tyler Graovac (14309874),Tyler Graovac,14309874,C/UTIL,2500,MIN@VAN 02/19/2020 10:30PM ET,VAN,3.55
C,Victor Rask (14309884),Victor Rask,14309884,C/UTIL,2500,MIN@VAN 02/19/2020 10:30PM ET,MIN,3.26
C,Reid Boucher (14309906),Reid Boucher,14309906,C/UTIL,2500,MIN@VAN 02/19/2020 10:30PM ET,VAN,0
C,Gabriel Dumont (14309960),Gabriel Dumont,14309960,C/UTIL,2500,MIN@VAN 02/19/2020 10:30PM ET,MIN,2.37
C,Nico Sturm (14309962),Nico Sturm,14309962,C/UTIL,2500,MIN@VAN 02/19/2020 10:30PM ET,MIN,3.25
C,Luke Johnson (14309964),Luke Johnson,14309964,C/UTIL,2500,MIN@VAN 02/19/2020 10:30PM ET,MIN,0.5
C,Kyle Rau (14309966),Kyle Rau,14309966,C/UTIL,2500,MIN@VAN 02/19/2020 10:30PM ET,MIN,0
RW,Loui Eriksson (14310132),Loui Eriksson,14310132,W/UTIL,2500,MIN@VAN 02/19/2020 10:30PM ET,VAN,3.83
LW,Justin Bailey (14310154),Justin Bailey,14310154,W/UTIL,2500,MIN@VAN 02/19/2020 10:30PM ET,VAN,0.75
RW,Ryan Hartman (14310176),Ryan Hartman,14310176,W/UTIL,2500,MIN@VAN 02/19/2020 10:30PM ET,MIN,5.22
LW,Tyler Motte (14310182),Tyler Motte,14310182,W/UTIL,2500,MIN@VAN 02/19/2020 10:30PM ET,VAN,4.71
RW,Zack MacEwen (14310184),Zack MacEwen,14310184,W/UTIL,2500,MIN@VAN 02/19/2020 10:30PM ET,VAN,3.3
LW,Micheal Ferland (14310190),Micheal Ferland,14310190,W/UTIL,2500,MIN@VAN 02/19/2020 10:30PM ET,VAN,3.83
LW,Nikolay Goldobin (14310230),Nikolay Goldobin,14310230,W/UTIL,2500,MIN@VAN 02/19/2020 10:30PM ET,VAN,0
LW,Sven Baertschi (14310232),Sven Baertschi,14310232,W/UTIL,2500,MIN@VAN 02/19/2020 10:30PM ET,VAN,3.42
RW,Gerald Mayhew (14310308),Gerald Mayhew,14310308,W/UTIL,2500,MIN@VAN 02/19/2020 10:30PM ET,MIN,4.73
RW,J.T. Brown (14310310),J.T. Brown,14310310,W/UTIL,2500,MIN@VAN 02/19/2020 10:30PM ET,MIN,0
RW,Dmitry Sokolov (14310312),Dmitry Sokolov,14310312,W/UTIL,2500,MIN@VAN 02/19/2020 10:30PM ET,MIN,0
LW,Colton Beck (14310314),Colton Beck,14310314,W/UTIL,2500,MIN@VAN 02/19/2020 10:30PM ET,MIN,0
D,Carson Soucy (14310486),Carson Soucy,14310486,D/UTIL,2500,MIN@VAN 02/19/2020 10:30PM ET,MIN,4.62
D,Guillaume Brisebois (14310490),Guillaume Brisebois,14310490,D/UTIL,2500,MIN@VAN 02/19/2020 10:30PM ET,VAN,0
D,Nikita Tryamkin (14310522),Nikita Tryamkin,14310522,D/UTIL,2500,MIN@VAN 02/19/2020 10:30PM ET,VAN,0
D,Jalen Chatfield (14310524),Jalen Chatfield,14310524,D/UTIL,2500,MIN@VAN 02/19/2020 10:30PM ET,VAN,0
D,Josh Teves (14310526),Josh Teves,14310526,D/UTIL,2500,MIN@VAN 02/19/2020 10:30PM ET,VAN,0
D,Ashton Sautner (14310528),Ashton Sautner,14310528,D/UTIL,2500,MIN@VAN 02/19/2020 10:30PM ET,VAN,1.5
D,Brogan Rafferty (14310530),Brogan Rafferty,14310530,D/UTIL,2500,MIN@VAN 02/19/2020 10:30PM ET,VAN,0
D,Brennan Menell (14310592),Brennan Menell,14310592,D/UTIL,2500,MIN@VAN 02/19/2020 10:30PM ET,MIN,2.24
D,Louie Belpedio (14310594),Louie Belpedio,14310594,D/UTIL,2500,MIN@VAN 02/19/2020 10:30PM ET,MIN,0
D,Matt Bartkowski (14310596),Matt Bartkowski,14310596,D/UTIL,2500,MIN@VAN 02/19/2020 10:30PM ET,MIN,0
